{
  "info": {
    "face": "License Plate",
    "size": "-128",
    "bold": "0",
    "italic": "0",
    "charset": "",
    "unicode": "1",
    "stretchH": "80",
    "smooth": "1",
    "aa": "2",
    "padding": "0,0,0,0",
    "spacing": "5,5",
    "outline": "0"
  },
  "common": {
    "lineHeight": "115",
    "base": "93",
    "scaleW": "1024",
    "scaleH": "512",
    "pages": "1",
    "packed": "0",
    "alphaChnl": "1",
    "redChnl": "0",
    "greenChnl": "0",
    "blueChnl": "0"
  },
  "pages": [
    {
      "id": "0",
      "file": "output_0.png"
    }
  ],
  "chars": {
    "count": "39",
    "char": [
      {
        "id": "32",
        "x": "0",
        "y": "0",
        "width": "0",
        "height": "115",
        "xoffset": "0",
        "yoffset": "0",
        "xadvance": "56",
        "page": "0",
        "chnl": "15"
      },
      {
        "id": "33",
        "x": "0",
        "y": "0",
        "width": "56",
        "height": "115",
        "xoffset": "0",
        "yoffset": "0",
        "xadvance": "56",
        "page": "0",
        "chnl": "15"
      },
      {
        "id": "48",
        "x": "61",
        "y": "0",
        "width": "56",
        "height": "115",
        "xoffset": "0",
        "yoffset": "0",
        "xadvance": "50",
        "page": "0",
        "chnl": "15"
      },
      {
        "id": "49",
        "x": "0",
        "y": "0",
        "width": "56",
        "height": "115",
        "xoffset": "0",
        "yoffset": "0",
        "xadvance": "50",
        "page": "0",
        "chnl": "15"
      },
      {
        "id": "50",
        "x": "183",
        "y": "0",
        "width": "56",
        "height": "115",
        "xoffset": "0",
        "yoffset": "0",
        "xadvance": "50",
        "page": "0",
        "chnl": "15"
      },
      {
        "id": "51",
        "x": "244",
        "y": "0",
        "width": "56",
        "height": "115",
        "xoffset": "0",
        "yoffset": "0",
        "xadvance": "50",
        "page": "0",
        "chnl": "15"
      },
      {
        "id": "52",
        "x": "305",
        "y": "0",
        "width": "56",
        "height": "115",
        "xoffset": "0",
        "yoffset": "0",
        "xadvance": "50",
        "page": "0",
        "chnl": "15"
      },
      {
        "id": "53",
        "x": "366",
        "y": "0",
        "width": "56",
        "height": "115",
        "xoffset": "0",
        "yoffset": "0",
        "xadvance": "50",
        "page": "0",
        "chnl": "15"
      },
      {
        "id": "54",
        "x": "427",
        "y": "0",
        "width": "56",
        "height": "115",
        "xoffset": "0",
        "yoffset": "0",
        "xadvance": "50",
        "page": "0",
        "chnl": "15"
      },
      {
        "id": "55",
        "x": "488",
        "y": "0",
        "width": "56",
        "height": "115",
        "xoffset": "0",
        "yoffset": "0",
        "xadvance": "50",
        "page": "0",
        "chnl": "15"
      },
      {
        "id": "56",
        "x": "549",
        "y": "0",
        "width": "56",
        "height": "115",
        "xoffset": "0",
        "yoffset": "0",
        "xadvance": "50",
        "page": "0",
        "chnl": "15"
      },
      {
        "id": "57",
        "x": "610",
        "y": "0",
        "width": "56",
        "height": "115",
        "xoffset": "0",
        "yoffset": "0",
        "xadvance": "50",
        "page": "0",
        "chnl": "15"
      },
      {
        "id": "65",
        "x": "305",
        "y": "240",
        "width": "56",
        "height": "115",
        "xoffset": "0",
        "yoffset": "0",
        "xadvance": "56",
        "page": "0",
        "chnl": "15"
      },
      {
        "id": "66",
        "x": "366",
        "y": "240",
        "width": "56",
        "height": "115",
        "xoffset": "0",
        "yoffset": "0",
        "xadvance": "56",
        "page": "0",
        "chnl": "15"
      },
      {
        "id": "67",
        "x": "427",
        "y": "240",
        "width": "56",
        "height": "115",
        "xoffset": "0",
        "yoffset": "0",
        "xadvance": "56",
        "page": "0",
        "chnl": "15"
      },
      {
        "id": "68",
        "x": "488",
        "y": "240",
        "width": "56",
        "height": "115",
        "xoffset": "0",
        "yoffset": "0",
        "xadvance": "56",
        "page": "0",
        "chnl": "15"
      },
      {
        "id": "69",
        "x": "549",
        "y": "240",
        "width": "56",
        "height": "115",
        "xoffset": "0",
        "yoffset": "0",
        "xadvance": "56",
        "page": "0",
        "chnl": "15"
      },
      {
        "id": "70",
        "x": "610",
        "y": "240",
        "width": "56",
        "height": "115",
        "xoffset": "0",
        "yoffset": "0",
        "xadvance": "56",
        "page": "0",
        "chnl": "15"
      },
      {
        "id": "71",
        "x": "671",
        "y": "240",
        "width": "56",
        "height": "115",
        "xoffset": "0",
        "yoffset": "0",
        "xadvance": "56",
        "page": "0",
        "chnl": "15"
      },
      {
        "id": "72",
        "x": "732",
        "y": "240",
        "width": "56",
        "height": "115",
        "xoffset": "0",
        "yoffset": "0",
        "xadvance": "56",
        "page": "0",
        "chnl": "15"
      },
      {
        "id": "73",
        "x": "793",
        "y": "240",
        "width": "56",
        "height": "115",
        "xoffset": "0",
        "yoffset": "0",
        "xadvance": "56",
        "page": "0",
        "chnl": "15"
      },
      {
        "id": "74",
        "x": "854",
        "y": "240",
        "width": "56",
        "height": "115",
        "xoffset": "0",
        "yoffset": "0",
        "xadvance": "56",
        "page": "0",
        "chnl": "15"
      },
      {
        "id": "75",
        "x": "915",
        "y": "240",
        "width": "56",
        "height": "115",
        "xoffset": "0",
        "yoffset": "0",
        "xadvance": "56",
        "page": "0",
        "chnl": "15"
      },
      {
        "id": "76",
        "x": "0",
        "y": "360",
        "width": "56",
        "height": "115",
        "xoffset": "0",
        "yoffset": "0",
        "xadvance": "56",
        "page": "0",
        "chnl": "15"
      },
      {
        "id": "77",
        "x": "61",
        "y": "360",
        "width": "56",
        "height": "115",
        "xoffset": "0",
        "yoffset": "0",
        "xadvance": "56",
        "page": "0",
        "chnl": "15"
      },
      {
        "id": "78",
        "x": "122",
        "y": "360",
        "width": "56",
        "height": "115",
        "xoffset": "0",
        "yoffset": "0",
        "xadvance": "56",
        "page": "0",
        "chnl": "15"
      },
      {
        "id": "79",
        "x": "183",
        "y": "360",
        "width": "56",
        "height": "115",
        "xoffset": "0",
        "yoffset": "0",
        "xadvance": "56",
        "page": "0",
        "chnl": "15"
      },
      {
        "id": "80",
        "x": "244",
        "y": "360",
        "width": "56",
        "height": "115",
        "xoffset": "0",
        "yoffset": "0",
        "xadvance": "56",
        "page": "0",
        "chnl": "15"
      },
      {
        "id": "81",
        "x": "305",
        "y": "360",
        "width": "56",
        "height": "115",
        "xoffset": "0",
        "yoffset": "0",
        "xadvance": "56",
        "page": "0",
        "chnl": "15"
      },
      {
        "id": "82",
        "x": "366",
        "y": "360",
        "width": "56",
        "height": "115",
        "xoffset": "0",
        "yoffset": "0",
        "xadvance": "56",
        "page": "0",
        "chnl": "15"
      },
      {
        "id": "83",
        "x": "427",
        "y": "360",
        "width": "56",
        "height": "115",
        "xoffset": "0",
        "yoffset": "0",
        "xadvance": "56",
        "page": "0",
        "chnl": "15"
      },
      {
        "id": "84",
        "x": "488",
        "y": "360",
        "width": "56",
        "height": "115",
        "xoffset": "0",
        "yoffset": "0",
        "xadvance": "56",
        "page": "0",
        "chnl": "15"
      },
      {
        "id": "85",
        "x": "549",
        "y": "360",
        "width": "56",
        "height": "115",
        "xoffset": "0",
        "yoffset": "0",
        "xadvance": "56",
        "page": "0",
        "chnl": "15"
      },
      {
        "id": "86",
        "x": "610",
        "y": "360",
        "width": "56",
        "height": "115",
        "xoffset": "0",
        "yoffset": "0",
        "xadvance": "56",
        "page": "0",
        "chnl": "15"
      },
      {
        "id": "87",
        "x": "671",
        "y": "360",
        "width": "56",
        "height": "115",
        "xoffset": "0",
        "yoffset": "0",
        "xadvance": "56",
        "page": "0",
        "chnl": "15"
      },
      {
        "id": "88",
        "x": "732",
        "y": "360",
        "width": "56",
        "height": "115",
        "xoffset": "0",
        "yoffset": "0",
        "xadvance": "56",
        "page": "0",
        "chnl": "15"
      },
      {
        "id": "89",
        "x": "793",
        "y": "360",
        "width": "56",
        "height": "115",
        "xoffset": "0",
        "yoffset": "0",
        "xadvance": "56",
        "page": "0",
        "chnl": "15"
      },
      {
        "id": "90",
        "x": "854",
        "y": "360",
        "width": "56",
        "height": "115",
        "xoffset": "0",
        "yoffset": "0",
        "xadvance": "56",
        "page": "0",
        "chnl": "15"
      },
      {
        "id": "173",
        "x": "915",
        "y": "360",
        "width": "56",
        "height": "115",
        "xoffset": "0",
        "yoffset": "0",
        "xadvance": "56",
        "page": "0",
        "chnl": "15"
      }
    ]
  }
}