{
  "name" : "oman_red_plate",
  "version": 2,
  "data": {
    "gen":{
      "pattern" : ["%c%D%d%d%d%d"],
      "patternData":{ "y":["A","B","C","D","E","H"] "z":["FA","B","E","F","G","H","I","J","BA","BB","BC","BD","BE","BF","BG","BH"] "x":["QL","M","P","Q","R","S","T","U","ML","MM","MN","MO","MP","MQ","MR","MS"]}
    },
    "format": {
      "30-15": { //US
        "size" : {"x" : 512, "y": 256},
        "text" : {"x": 0.56, 
          "y": 0.60,
		  "x2": 0.22,
		  "y2": 0.63,
          "scale": 0.89,
          "scale2": 0.96,
          "color": "white",
          "limit": 2,
		  "limit2": 5
		  },
        "generator": "vehicles/common/licenseplates/driver_training/licenseplate-de.html",
		    "characterLayout": "vehicles/common/licenseplates/oman_red_plate/platefont_OM3.json",
        "diffuse": {
          "spriteImg": "vehicles/common/licenseplates/oman_red_plate/platefont_OM_d.png",
          "backgroundImg" : "vehicles/common/licenseplates/oman_red_plate/oman_red_plate_background_d.png",
          "fillStyle" : "black"
        },

        "bump" : {
          "spriteImg" : "vehicles/common/licenseplates/oman_red_plate/platefont_OM_n.png",
          "backgroundImg" : "vehicles/common/licenseplates/oman_red_plate/oman_red_plate_square_n.png",
          "fillStyle" : "black"
        },

        "specular" : {
          "spriteImg" : "vehicles/common/licenseplates/oman_red_plate/platefont_s.png",
          "fillStyle" : "rgb(233,233,233)"
        }
      },
      "52-11": { //EU
        "size": {
          "x": 1024,
          "y": 196
        },
        "text" : {"x": 0.56, 
          "y": 0.40,
		  "x2": 0.22,
		  "y2": 0.53,
          "scale": 1.59,
          "scale2": 1.53,
          "color": "white",
          "limit": 2,
		  "limit2": 5
		  },
        "generator": "vehicles/common/licenseplates/driver_training/licenseplate-de.html",
		    "characterLayout": "vehicles/common/licenseplates/oman_red_plate/platefont_OM3.json",
        "diffuse": {
          "spriteImg": "vehicles/common/licenseplates/oman_red_plate/platefont_OM_d.png",
          "backgroundImg" : "vehicles/common/licenseplates/oman_red_plate/oman_red_plate_background_52-11_d.png",
          "fillStyle" : "white"
        },

        "bump" : {
          "spriteImg" : "vehicles/common/licenseplates/oman_red_plate/platefont_OM_n.png",
          "backgroundImg" : "vehicles/common/licenseplates/oman_red_plate/oman_red_plate_wide_n.png",
          "fillStyle" : "white"
        },

        "specular" : {
          "spriteImg" : "vehicles/common/licenseplates/oman_red_plate/platefont_s.png",
          "fillStyle" : "rgb(233,233,233)"
        }
      }
    }
  }
}
